incident_id,incident_category,incident_subtype,severity_1_5,city,state,latitude,longitude,start_time,end_time,duration_hours,population_affected_est,injuries_est,fatalities_est,structures_threatened,structures_damaged,acres_burned,wind_mph,precip_inches,temperature_f,evacuation_order_issued,evac_population_est,hospital_diversion_flag,firetrucks_dispatched_engines,ladder_trucks_dispatched,brush_trucks_dispatched,water_tenders_dispatched,command_vehicles_dispatched,ambulances_dispatched,ems_supervisor_units_dispatched,police_units_dispatched,public_works_crews_dispatched,shelter_beds_opened,generators_deployed,sandbags_used,chainsaws_deployed,drones_used,helicopter_hours,medical_supply_kits_used,ppe_units_used,fuel_gallons_used,total_personnel_deployed,fire_personnel,ems_personnel,police_personnel,public_works_personnel,labor_cost,apparatus_operating_cost,supplies_cost,aviation_cost,shelter_operations_cost,mutual_aid_units,mutual_aid_cost,city_asset_damage_cost,total_cost_to_city
INC-20241009-0001,Fire,Structure Fire,3,Portland,OR,30.02224,-84.36232,2024-10-09T11:00,2024-10-09T15:00,4,4185,5,0,10,6,0,,,,0,0,1,5,1,0,2,1,0,0,0,0,0,0,0,0,0,0,0,508,1549,30,30,0,0,0,12240,3060,1270,0,0,0,0,0,16570
INC-20230906-0002,Infrastructure,Water Main Break,2,Atlanta,GA,42.07317,-115.79857,2023-09-06T07:00,2023-09-06T09:00,2,1750,0,0,0,0,0,,,,0,0,0,0,0,0,0,2,3,1,17,31,0,0,5514,6,0,0,24,878,3639,138,4,7,34,93,23460,750,5354.9,0,0,0,0,0,29564.9
INC-20220301-0003,Public Health,Disease Outbreak,4,Sacramento,CA,27.80859,-74.2349,2022-03-01T07:00,2022-03-07T06:00,143,684,2,0,0,0,0,,,,0,0,0,0,0,0,0,2,60,2,8,0,0,14,0,0,0,0,6804,20232,66963,142,4,122,16,0,2416414,842270,358440,0,0,4,71500,0,3688624
INC-20230115-0004,Fire,Brush Fire,4,Charlotte,NC,43.76748,-115.63535,2023-01-15T12:00,2023-01-19T05:00,89,2948,6,5,18,4,317.2,,,,1,42144,1,5,0,13,6,2,1,1,1,0,0,0,0,44,1,7.7,10,600,4764,80,75,3,2,0,847280,228285,3050,26180,0,7,77875,2531661.37,3714331.37
INC-20230625-0005,Weather,Ice Storm,4,Sacramento,CA,30.9598,-111.0588,2023-06-25T04:00,2023-06-26T10:00,30,4636,5,0,0,0,0,57,2.42,32,1,56132,1,0,0,0,0,2,14,2,47,21,4572,292,744,0,0,0,252,1385,209123,191,4,30,94,63,681870,45600,50102.9,0,155448,0,0,259405.05,1192425.95
INC-20240717-0006,Civil,Large Public Event,1,Denver,CO,41.89475,-82.61137,2024-07-17T19:00,2024-07-20T17:00,70,706,0,0,0,0,0,,,,0,0,0,0,0,0,0,1,17,1,95,5,0,0,0,0,3,0,756,1528,11230,242,2,35,190,15,1151920,81900,37840,0,0,0,0,0,1271660
INC-20220526-0007,Weather,Heatwave,3,Atlanta,GA,39.37636,-91.31112,2022-05-26T06:00,2022-06-05T05:00,239,969,4,0,0,0,0,24,0.46,95,0,0,1,0,0,0,0,3,8,1,39,26,687,69,0,0,0,0,355,3319,283151,179,6,17,78,78,4363662,223465,32552.5,0,20610,0,0,0,4640289.5
INC-20220405-0008,Fire,Warehouse Fire,3,Seattle,WA,39.84439,-72.89675,2022-04-05T11:00,2022-04-05T23:00,12,1044,7,0,5,4,0,,,,0,0,0,9,3,0,4,2,1,1,4,0,0,0,0,0,0,0,20,543,1564,71,60,3,8,0,86904,19380,2257.5,0,0,0,0,0,108541.5
INC-20220329-0009,Weather,Severe Thunderstorm,3,Seattle,WA,38.23695,-111.95875,2022-03-29T10:00,2022-03-29T13:00,3,1383,10,0,0,0,0,47,1.76,57,0,0,0,0,0,0,0,2,15,2,23,27,1491,135,0,243,1,0,850,1883,146956,163,4,32,46,81,49878,4335,65232.5,0,44730,0,0,0,164175.5
INC-20230710-0010,Weather,Ice Storm,3,Boston,MA,27.18094,-101.00771,2023-07-10T18:00,2023-07-11T18:00,24,2631,6,0,0,0,0,36,1.97,-2,0,0,0,0,0,0,0,3,20,2,25,12,4773,159,895,0,0,0,304,2369,74983,134,6,42,50,36,328032,46920,38995.75,0,143190,0,0,1021392.98,1578530.73
INC-20240122-0011,Fire,Warehouse Fire,2,Charlotte,NC,39.67326,-95.03796,2024-01-22T09:00,2024-01-22T16:00,7,80,7,0,2,0,0,,,,0,0,0,13,2,0,4,1,3,1,3,0,0,0,0,0,0,0,15,180,1326,83,70,7,6,0,49385,12075,1125,0,0,0,0,0,62585
INC-20230801-0012,Infrastructure,Bridge Collapse,4,Minneapolis,MN,29.2727,-112.6353,2023-08-01T13:00,2023-08-02T10:00,21,516,12,0,0,0,0,,,,0,0,0,0,0,0,0,1,0,0,34,71,0,0,0,30,0,0,135,1982,18027,283,2,0,68,213,707217,1995,11780,0,0,9,23625,0,744617
INC-20240323-0013,Weather,Tropical Storm,2,Seattle,WA,44.39093,-102.49423,2024-03-23T10:00,2024-03-31T14:00,196,3876,5,0,0,0,0,126,2.72,70,0,0,0,8,0,0,1,2,16,2,50,24,4672,124,331444,284,5,0,548,3057,220279,244,38,34,100,72,4065040,396900,170287.9,0,121472,0,0,308716.58,5062416.48
INC-20230918-0014,Fire,Structure Fire,2,Minneapolis,MN,37.09677,-96.92928,2023-09-18T17:00,2023-09-18T19:00,2,562,9,0,4,2,0,,,,0,0,0,7,3,0,1,2,1,1,3,0,0,0,0,0,0,0,25,463,1383,55,46,3,6,0,9350,2100,2282.5,0,0,0,0,164049.62,177782.12
INC-20240624-0015,Civil,Search and Rescue,1,Charlotte,NC,30.95048,-76.01066,2024-06-24T17:00,2024-06-25T12:00,19,1530,0,0,0,0,0,,,,0,0,0,0,0,0,0,1,14,1,203,6,0,0,0,0,2,0,277,1050,2734,455,2,29,406,18,587860,18525,15090,0,0,0,0,0,621475
INC-20220302-0016,Infrastructure,Bridge Collapse,2,Seattle,WA,42.35018,-89.77732,2022-03-02T04:00,2022-03-04T00:00,44,1092,3,0,0,0,0,,,,0,0,0,0,0,0,0,1,8,1,36,61,0,0,0,35,0,0,19,329,3016,274,2,17,72,183,1024760,29700,2552.5,0,0,0,0,0,1057012.5
INC-20220219-0017,Weather,Heatwave,3,Las Vegas,NV,37.43181,-101.07662,2022-02-19T04:00,2022-02-26T09:00,173,285,3,0,0,0,0,25,0.49,96,0,0,0,0,0,0,0,2,15,2,32,32,630,66,0,0,0,0,526,5386,244102,196,4,32,64,96,3458616,249985,45055,0,18900,0,0,0,3772556
INC-20241228-0018,Weather,Tornado,3,Las Vegas,NV,25.55769,-84.35724,2024-12-28T02:00,2024-12-29T06:00,28,2070,11,0,0,0,0,92,4.91,70,0,0,0,0,0,0,0,2,11,2,29,33,117,174,0,321,3,0,581,2434,68909,185,4,24,58,99,528360,30940,61135,0,3510,0,0,0,623945
INC-20220202-0019,Weather,Severe Thunderstorm,3,Charlotte,NC,32.38589,-77.39276,2022-02-02T07:00,2022-02-03T10:00,27,5970,6,0,0,0,0,105,2.7,89,0,0,0,0,0,0,0,2,16,2,20,14,813,120,0,165,0,0,463,4359,38817,120,4,34,40,42,330480,41310,50257.5,0,24390,0,0,197920.23,644357.73
INC-20230610-0020,Civil,Large Public Event,2,Nashville,TN,25.9987,-100.73487,2023-06-10T22:00,2023-06-12T08:00,34,2148,7,0,0,0,0,,,,0,0,0,0,0,0,0,1,19,1,123,2,0,0,0,0,2,0,699,692,5603,293,2,39,246,6,846770,51000,33185,0,0,0,0,0,930955
INC-20240629-0021,Public Health,Disease Outbreak,4,San Diego,CA,34.05401,-108.38679,2024-06-29T12:00,2024-07-03T05:00,89,1080,6,11,0,0,0,,,,0,0,0,0,0,0,0,2,67,2,7,0,0,25,0,0,0,0,40244,151184,46809,154,4,136,14,0,1631014,583395,2191940,0,0,4,44500,0,4450849
INC-20230927-0022,Civil,Search and Rescue,3,Chicago,IL,40.20161,-96.64102,2023-09-27T20:00,2023-09-30T06:00,58,4905,10,0,0,0,0,,,,0,0,0,0,0,0,0,1,10,1,208,9,0,0,0,0,4,0,654,1346,13223,466,2,21,416,27,2756856,54230,32795,0,0,0,0,0,2843881
INC-20221103-0023,Weather,Flash Flood,3,Seattle,WA,25.54957,-111.15608,2022-11-03T17:00,2022-11-05T18:00,49,2949,2,0,0,0,0,44,10.35,44,0,0,0,0,0,0,0,2,26,2,45,31,3186,162,167910,0,3,0,781,2008,78759,241,4,54,90,93,1204518,116620,118373.5,0,95580,0,0,0,1535091.5
INC-20221026-0024,Fire,Brush Fire,3,Charlotte,NC,46.55424,-96.2713,2022-10-26T18:00,2022-10-31T08:00,110,336,0,0,31,7,147.2,,,,0,0,0,6,0,14,7,1,3,1,5,0,0,0,0,32,3,11.8,33,281,6672,99,82,7,10,0,1110780,289850,2987.5,35400,0,0,0,0,1439017.5
INC-20240505-0025,Public Health,Heat Illness Surge,3,Charlotte,NC,34.89713,-85.6118,2024-05-05T17:00,2024-05-08T21:00,76,1470,2,0,0,0,0,,,,0,0,1,0,0,0,0,2,40,2,12,0,1828,8,0,0,0,0,8520,107697,19484,110,4,82,24,0,852720,271320,653602.5,0,54840,0,0,0,1832482.5
INC-20220329-0026,Weather,Severe Thunderstorm,4,San Diego,CA,32.44483,-99.10713,2022-03-29T16:00,2022-03-30T20:00,28,548,8,0,0,0,0,114,5.7,56,0,0,0,0,0,0,0,3,10,1,48,29,3084,88,0,400,3,0,691,4432,234326,210,6,21,96,87,699720,34580,62735,0,104856,0,0,1804674.53,2706565.53
INC-20231026-0027,Public Health,Heat Illness Surge,2,Austin,TX,32.56291,-87.48677,2023-10-26T01:00,2023-10-30T10:00,105,1676,3,0,0,0,0,,,,0,0,0,0,0,0,0,1,53,2,19,0,55,36,0,0,0,0,39190,52644,55950,148,2,108,38,0,1320900,425250,1899480,0,1430,0,0,0,3647060
INC-20220705-0028,Fire,Brush Fire,4,Phoenix,AZ,26.1314,-103.83884,2022-07-05T06:00,2022-07-06T13:00,31,1772,2,0,71,13,92.9,,,,0,0,0,2,0,18,2,3,0,0,3,0,0,0,0,26,1,17.3,2,582,1832,78,72,0,6,0,287742,73625,2195,58820,0,6,23250,0,445632
INC-20240703-0029,Weather,Ice Storm,2,Austin,TX,46.32453,-99.15565,2024-07-03T00:00,2024-07-06T12:00,84,1068,4,0,0,0,0,48,3.86,2,0,0,0,0,0,0,0,1,24,2,33,11,304,98,4716,0,0,0,486,3674,199362,151,2,50,66,33,1078140,157500,44465.6,0,7904,0,0,0,1288009.6
INC-20220520-0030,Fire,Industrial Fire,3,Austin,TX,38.50926,-117.9025,2022-05-20T03:00,2022-05-22T02:00,47,3507,4,0,1,1,0,,,,0,0,1,14,3,0,1,2,3,1,0,0,0,0,0,0,0,0,36,415,3553,81,74,7,0,0,388314,91885,2657.5,0,0,0,0,0,482856.5
INC-20230818-0031,Infrastructure,Water Main Break,2,Portland,OR,36.7393,-89.05007,2023-08-18T14:00,2023-08-22T13:00,95,2542,5,0,0,0,0,,,,0,0,0,0,0,0,0,2,9,1,35,43,0,0,5280,15,0,0,115,671,8089,222,4,19,70,129,1792650,78375,9075.5,0,0,0,0,0,1880100.5
INC-20240413-0032,Infrastructure,Cyber Outage,3,Austin,TX,25.64575,-78.12307,2024-04-13T07:00,2024-04-15T04:00,45,1146,2,0,0,0,0,,,,0,0,0,0,0,0,0,2,4,1,33,32,0,0,0,38,0,0,70,1902,25726,175,4,9,66,96,803250,22950,8855,0,0,0,0,0,835055
INC-20220427-0033,Fire,Industrial Fire,3,Atlanta,GA,35.993,-83.18003,2022-04-27T21:00,2022-04-29T03:00,30,4272,1,0,8,0,0,,,,0,0,0,12,2,0,3,1,3,1,1,0,0,0,0,0,0,0,28,539,2455,73,64,7,2,0,223380,53550,2607.5,0,0,0,0,0,279537.5
INC-20230426-0034,Civil,Search and Rescue,3,Chicago,IL,31.89902,-111.93568,2023-04-26T08:00,2023-04-27T20:00,36,4461,6,0,0,0,0,,,,0,0,0,0,0,0,0,1,11,1,120,17,0,0,0,0,1,0,776,493,17446,316,2,23,240,51,1160352,36720,36152.5,0,0,0,0,0,1233224.5
INC-20220518-0035,Civil,Search and Rescue,2,Denver,CO,30.11837,-114.72044,2022-05-18T06:00,2022-05-19T21:00,39,76,3,0,0,0,0,,,,0,0,0,0,0,0,0,1,23,1,43,9,0,0,0,0,1,0,790,1828,17755,162,2,47,86,27,537030,70200,40120,0,0,0,0,0,647350
INC-20231003-0036,Fire,High-Rise Fire,4,Seattle,WA,32.66588,-71.88038,2023-10-03T21:00,2023-10-05T05:00,32,2108,6,0,8,1,0,,,,1,33328,0,11,2,0,1,2,4,1,3,0,0,0,0,0,0,0,40,326,2952,73,58,9,6,0,277984,60800,2615,0,0,18,72000,85976.56,499375.56
INC-20230908-0037,Civil,Mass Transit Disruption,3,Minneapolis,MN,44.35375,-70.5433,2023-09-08T02:00,2023-09-09T18:00,40,1905,3,0,0,0,0,,,,0,0,0,0,0,0,0,1,31,1,196,3,0,0,0,0,1,0,290,482,4360,466,2,63,392,9,1901280,108800,14255,0,0,0,0,0,2024335
INC-20240124-0038,Weather,Tornado,2,Miami,FL,25.0602,-99.94755,2024-01-24T15:00,2024-01-25T03:00,12,2452,3,0,0,0,0,76,4.39,84,0,0,0,0,0,0,0,1,24,2,28,16,404,108,0,358,3,0,310,5061,37487,156,2,50,56,48,159120,22500,48512.5,0,10504,0,0,0,240636.5
INC-20220408-0039,Public Health,Hospital Surge,2,Las Vegas,NV,42.83414,-92.0701,2022-04-08T11:00,2022-04-10T11:00,48,3396,4,0,0,0,0,,,,0,0,0,0,0,0,0,3,32,2,16,0,254,25,0,0,0,0,20328,62432,24641,104,6,66,32,0,424320,126000,1073840,0,6604,0,0,0,1630764
INC-20230821-0040,Civil,Mass Transit Disruption,1,Atlanta,GA,45.01202,-84.4679,2023-08-21T16:00,2023-08-21T23:00,7,1246,1,0,0,0,0,,,,0,0,0,0,0,0,0,1,12,1,192,18,0,0,0,0,0,0,199,1598,16127,465,2,25,384,54,221340,5915,12950,0,0,0,0,0,240205
INC-20220905-0041,Infrastructure,Bridge Collapse,4,Atlanta,GA,43.32051,-71.68649,2022-09-05T19:00,2022-09-09T06:00,83,3888,9,0,0,0,0,,,,0,0,0,0,0,0,0,2,2,1,20,44,0,0,0,44,0,0,169,690,20885,181,4,5,40,132,1787737,31540,10430,0,0,0,0,0,1829707
INC-20230913-0042,Civil,Large Public Event,1,Charlotte,NC,30.67897,-118.18227,2023-09-13T23:00,2023-09-15T17:00,42,1592,0,0,0,0,0,,,,0,0,0,0,0,0,0,1,21,1,188,14,0,0,0,0,3,0,550,434,13614,463,2,43,376,42,1322328,60060,25835,0,0,0,0,0,1408223
INC-20241103-0043,Infrastructure,Damaged Gas Line,2,Nashville,TN,31.00877,-117.35978,2024-11-03T15:00,2024-11-04T19:00,28,1198,6,0,0,0,0,,,,0,0,0,0,0,0,0,2,1,1,39,70,0,0,0,15,0,0,79,424,25158,295,4,3,78,210,702100,6300,4990,0,0,0,0,0,713390
INC-20220508-0044,Fire,Brush Fire,3,Atlanta,GA,45.54092,-99.35109,2022-05-08T06:00,2022-05-13T01:00,115,750,4,0,238,45,235,,,,0,0,0,5,0,13,5,2,2,1,3,0,0,0,0,33,1,5,28,460,6229,84,73,5,6,0,985320,263925,3235,15000,0,0,0,1654951.95,2922431.95
INC-20241211-0045,Infrastructure,Bridge Collapse,3,Minneapolis,MN,31.36388,-108.22871,2024-12-11T11:00,2024-12-11T13:00,2,3636,2,0,0,0,0,,,,0,0,0,0,0,0,0,1,7,1,45,47,0,0,0,35,0,0,116,872,18407,248,2,15,90,141,50592,1360,8275,0,0,0,0,0,60227
INC-20240810-0046,Public Health,Hospital Surge,3,Las Vegas,NV,33.61684,-77.84729,2024-08-10T07:00,2024-08-16T15:00,152,2553,3,0,0,0,0,,,,0,0,0,0,0,0,0,1,39,2,17,0,1444,9,0,0,0,0,38553,76452,49661,116,2,80,34,0,1798464,516800,1927095,0,43320,0,0,0,4285679
INC-20220518-0047,Civil,Search and Rescue,3,Miami,FL,36.8339,-99.59742,2022-05-18T00:00,2022-05-18T14:00,14,4467,9,0,0,0,0,,,,0,0,0,0,0,0,0,1,23,1,59,8,0,0,0,0,2,0,427,1468,3551,191,2,47,118,24,272748,28560,22885,0,0,0,0,0,324193
INC-20230309-0048,Public Health,Heat Illness Surge,4,Charlotte,NC,37.17286,-90.84846,2023-03-09T08:00,2023-03-18T21:00,229,1960,12,0,0,0,0,,,,0,0,0,0,0,0,0,2,38,2,4,0,888,28,0,0,0,0,13972,27804,35802,90,4,78,8,0,2452590,870200,701610,0,30192,0,0,0,4054592
INC-20230205-0049,Public Health,Mass Casualty,4,Phoenix,AZ,34.69045,-111.19124,2023-02-05T13:00,2023-02-09T18:00,101,3412,3,2,0,0,0,,,,0,0,1,0,0,0,0,3,79,2,14,0,0,31,0,0,0,0,32364,181076,50317,194,6,160,28,0,2331686,786790,1912790,0,0,5,63125,0,5094391
INC-20230928-0050,Public Health,Mass Casualty,4,Boston,MA,37.29846,-120.47453,2023-09-28T05:00,2023-10-05T16:00,179,7780,5,0,0,0,0,,,,0,0,0,0,0,0,0,3,43,2,15,0,0,19,0,0,0,0,60676,67560,32955,124,6,88,30,0,2641324,782230,2901600,0,0,0,0,0,6325154
INC-20240220-0051,Weather,Blizzard,3,Seattle,WA,31.65713,-86.38929,2024-02-20T20:00,2024-02-24T09:00,85,162,10,0,0,0,0,27,0.23,-2,0,0,0,0,0,0,0,3,15,2,50,20,4029,336,2886,0,0,0,745,2357,79410,198,6,32,100,60,1716660,130050,80747.6,0,120870,0,0,0,2048327.6
INC-20240506-0052,Weather,Tropical Storm,2,Minneapolis,MN,42.74374,-122.68163,2024-05-06T16:00,2024-05-10T23:00,103,1514,3,0,0,0,0,66,3.62,77,0,0,0,10,0,0,4,2,12,2,40,13,2564,422,567610,936,6,0,248,2832,265065,197,52,26,80,39,1724735,216300,290943.5,0,66664,0,0,707443.53,3006086.03
INC-20220607-0053,Public Health,Disease Outbreak,4,Minneapolis,MN,28.16703,-71.82574,2022-06-07T05:00,2022-06-08T06:00,25,7084,4,0,0,0,0,,,,0,0,0,0,0,0,0,3,49,2,19,0,0,0,0,0,0,0,52516,25672,21831,144,6,100,38,0,428400,123500,2427400,0,0,11,34375,0,3013675
INC-20240521-0054,Public Health,Heat Illness Surge,3,San Diego,CA,40.18382,-98.80451,2024-05-21T19:00,2024-05-23T04:00,33,3834,8,0,0,0,0,,,,0,0,1,0,0,0,0,3,33,2,4,0,1301,26,0,0,0,0,30306,92778,12946,82,6,68,8,0,276012,100980,1598835,0,39030,0,0,0,2014857
INC-20220608-0055,Public Health,Heat Illness Surge,2,Phoenix,AZ,44.96333,-117.10631,2022-06-08T13:00,2022-06-11T07:00,66,1878,1,0,0,0,0,,,,0,0,0,0,0,0,0,2,56,2,19,0,858,26,0,0,0,0,10526,77982,51520,156,4,114,38,0,875160,287100,671745,0,22308,0,0,0,1856313
INC-20230712-0056,Infrastructure,Cyber Outage,2,Seattle,WA,40.53131,-112.6588,2023-07-12T05:00,2023-07-12T11:00,6,1840,9,0,0,0,0,,,,0,0,0,0,0,0,0,1,8,1,31,57,0,0,0,3,0,0,48,665,13846,252,2,17,62,171,128520,4050,3897.5,0,0,0,0,0,136467.5
INC-20240623-0057,Infrastructure,Power Outage,2,Seattle,WA,39.38859,-71.57541,2024-06-23T21:00,2024-06-27T09:00,84,226,2,0,0,0,0,,,,0,0,0,0,0,0,0,2,9,1,16,29,0,52,0,48,0,0,150,524,22860,142,4,19,32,87,1013880,69300,15500,0,0,0,0,0,1098680
INC-20241123-0058,Weather,River Flood,3,Austin,TX,25.0638,-77.71687,2024-11-23T06:00,2024-11-30T02:00,164,918,9,0,0,0,0,16,2.21,41,0,0,0,0,0,0,0,1,15,2,19,22,246,138,478092,0,1,0,239,1229,107364,138,2,32,38,66,2308464,223040,197719.7,0,7380,0,0,0,2736603.7
INC-20230905-0059,Fire,Warehouse Fire,3,San Diego,CA,38.35749,-99.8657,2023-09-05T01:00,2023-09-06T13:00,36,1389,5,0,10,0,0,,,,0,0,0,6,1,0,4,2,3,1,5,0,0,0,0,0,0,0,23,405,2221,57,40,7,10,0,209304,48960,2047.5,0,0,0,0,0,260311.5
INC-20240410-0060,Fire,Hazmat Fire,3,Seattle,WA,27.83931,-90.4747,2024-04-10T12:00,2024-04-10T14:00,2,3624,3,0,0,0,0,,,,0,0,0,6,1,0,0,2,3,1,4,0,0,0,0,0,0,0,37,258,1429,47,32,7,8,0,9588,2040,2310,0,0,0,0,590790.37,604728.37
INC-20230408-0061,Weather,Blizzard,4,Boston,MA,34.35977,-119.31782,2023-04-08T18:00,2023-04-11T09:00,63,3536,7,0,0,0,0,53,3.71,-1,0,0,1,0,0,0,0,1,23,2,29,16,1188,420,3052,0,0,0,709,2065,230400,156,2,48,58,48,1169532,143640,88535.7,0,40392,0,0,0,1442099.7
INC-20240911-0062,Public Health,Heat Illness Surge,2,Chicago,IL,38.50923,-105.33528,2024-09-11T11:00,2024-09-14T18:00,79,2386,6,0,0,0,0,,,,0,0,0,0,0,0,0,3,27,2,6,0,1344,6,0,0,0,0,15096,64200,32845,74,6,56,12,0,496910,177750,840540,0,34944,0,0,0,1550144
INC-20220606-0063,Civil,Search and Rescue,2,Charlotte,NC,43.16248,-78.43904,2022-06-06T20:00,2022-06-08T02:00,30,3162,5,0,0,0,0,,,,0,0,0,0,0,0,0,1,27,1,185,8,0,0,0,0,0,0,739,609,11524,451,2,55,370,24,1150050,63000,34777.5,0,0,0,0,0,1247827.5
INC-20220109-0064,Public Health,Disease Outbreak,3,Las Vegas,NV,28.22316,-88.67472,2022-01-09T08:00,2022-01-18T20:00,228,456,2,0,0,0,0,,,,0,0,0,0,0,0,0,1,66,2,2,0,0,13,0,0,0,0,52746,148191,49454,140,2,134,4,0,3255840,1298460,2745607.5,0,0,0,0,0,7299907.5
INC-20230302-0065,Weather,River Flood,3,Sacramento,CA,38.41503,-76.35785,2023-03-02T11:00,2023-03-09T00:00,157,984,8,0,0,0,0,10,3.99,82,0,0,0,0,0,0,0,2,22,2,50,30,1473,117,340725,0,6,0,463,1732,170708,240,4,46,100,90,3843360,320280,158458.75,0,44190,0,0,1445309.74,5811598.49
INC-20231221-0066,Civil,Mass Transit Disruption,2,Portland,OR,29.96166,-70.84771,2023-12-21T10:00,2023-12-21T17:00,7,244,6,0,0,0,0,,,,0,0,0,0,0,0,0,1,14,1,65,9,0,0,0,0,2,0,529,65,14821,188,2,29,130,27,111860,7875,23967.5,0,0,0,0,0,143702.5
INC-20231229-0067,Weather,Blizzard,3,Miami,FL,37.57128,-88.09137,2023-12-29T03:00,2024-01-01T07:00,76,2205,6,0,0,0,0,14,1.71,-3,0,0,0,0,0,0,0,2,10,1,20,25,5595,150,4716,0,0,0,524,5497,132734,140,4,21,40,75,1085280,77520,56973.1,0,167850,0,0,842316.64,2229939.74
INC-20230921-0068,Weather,Extreme Cold,3,Sacramento,CA,34.82602,-118.73046,2023-09-21T04:00,2023-09-23T02:00,46,2706,6,0,0,0,0,37,0.8,-15,0,0,0,0,0,0,0,2,18,2,38,34,1359,63,0,0,0,0,188,2177,218441,220,4,38,76,102,1032240,78200,21462.5,0,40770,0,0,0,1172672.5
INC-20221119-0069,Public Health,Hospital Surge,2,Sacramento,CA,30.75928,-115.0443,2022-11-19T14:00,2022-11-21T09:00,43,646,3,0,0,0,0,,,,0,0,0,0,0,0,0,3,18,1,7,0,1948,29,0,0,0,0,32782,83306,55743,57,6,37,14,0,208335,67725,1686935,0,50648,0,0,0,2013643
INC-20240718-0070,Civil,Mass Transit Disruption,2,Nashville,TN,28.39654,-120.7784,2024-07-18T23:00,2024-07-20T17:00,42,1830,0,0,0,0,0,,,,0,0,0,0,0,0,0,1,22,1,120,2,0,0,0,0,2,0,58,975,3624,293,2,45,240,6,1046010,72450,5047.5,0,0,0,0,0,1123507.5
INC-20240530-0071,Public Health,Mass Casualty,3,Sacramento,CA,38.3668,-103.54571,2024-05-30T04:00,2024-06-05T23:00,163,3594,2,0,0,0,0,,,,0,0,0,0,0,0,0,3,69,2,3,0,0,20,0,0,0,0,19104,113892,57949,152,6,140,6,0,2527152,997560,1146810,0,0,0,0,0,4671522
INC-20220522-0072,Fire,Warehouse Fire,3,Miami,FL,36.35235,-115.09554,2022-05-22T07:00,2022-05-22T16:00,9,1551,3,0,9,8,0,,,,0,0,1,10,4,0,4,1,2,1,2,0,0,0,0,0,0,0,26,373,1874,75,66,5,4,0,68850,16065,2102.5,0,0,0,0,0,87017.5
INC-20220510-0073,Fire,Hazmat Fire,4,Sacramento,CA,30.66991,-78.08964,2022-05-10T00:00,2022-05-10T05:00,5,7940,0,0,0,0,0,,,,0,0,1,6,2,0,0,2,2,1,0,0,0,0,0,0,0,0,14,429,1252,41,36,5,0,0,24395,5700,1702.5,0,0,14,8750,1379229.43,1419776.93
INC-20240601-0074,Civil,Large Public Event,3,Portland,OR,33.14113,-104.73843,2024-06-01T00:00,2024-06-03T19:00,67,1137,0,0,0,0,0,,,,0,0,0,0,0,0,0,1,23,1,127,6,0,0,0,0,1,0,99,367,12202,321,2,47,254,18,2193714,136680,5372.5,0,0,0,0,0,2335766.5
INC-20240622-0075,Fire,Structure Fire,3,Charlotte,NC,27.9486,-103.96877,2024-06-22T18:00,2024-06-23T04:00,10,1026,7,0,10,2,0,,,,0,0,0,6,3,0,2,2,0,0,3,0,0,0,0,0,0,0,14,321,1950,50,44,0,6,0,51000,11050,1432.5,0,0,0,0,0,63482.5
INC-20221123-0076,Weather,Heatwave,3,Boston,MA,42.64833,-75.2334,2022-11-23T13:00,2022-12-03T04:00,231,1221,10,0,0,0,0,11,0.34,113,0,0,0,0,0,0,0,2,20,2,48,20,3087,99,0,0,0,0,314,2127,160949,202,4,42,96,60,4759524,431970,31327.5,0,92610,0,0,749982.67,6065414.17
INC-20240829-0077,Public Health,Mass Casualty,3,Charlotte,NC,26.88719,-115.76298,2024-08-29T07:00,2024-09-01T13:00,78,2790,10,0,0,0,0,,,,0,0,0,0,0,0,0,3,28,2,15,0,0,22,0,0,0,0,44946,45153,11547,94,6,58,30,0,747864,205530,2138092.5,0,0,0,0,0,3091486.5
INC-20221118-0078,Civil,Search and Rescue,3,Chicago,IL,33.43554,-122.96378,2022-11-18T21:00,2022-11-19T09:00,12,5748,9,0,0,0,0,,,,0,0,0,0,0,0,0,2,12,1,77,1,0,0,0,0,2,0,503,1749,5407,186,4,25,154,3,227664,14280,27007.5,0,0,0,0,0,268951.5
INC-20240420-0079,Infrastructure,Damaged Gas Line,2,Minneapolis,MN,25.42759,-112.74682,2024-04-20T03:00,2024-04-20T15:00,12,632,6,0,0,0,0,,,,0,0,0,0,0,0,0,2,3,1,26,21,0,0,0,3,0,0,163,959,8913,126,4,7,52,63,128520,4500,9807.5,0,0,0,0,0,142827.5
INC-20220327-0080,Civil,Mass Transit Disruption,1,Minneapolis,MN,38.42663,-123.60427,2022-03-27T18:00,2022-03-30T11:00,65,1065,0,0,0,0,0,,,,0,0,0,0,0,0,0,2,4,1,129,19,0,0,0,0,2,0,446,1218,8587,328,4,9,258,57,1449760,25350,23115,0,0,0,0,0,1498225
INC-20220403-0081,Fire,Hazmat Fire,2,Portland,OR,44.64996,-122.12737,2022-04-03T09:00,2022-04-03T16:00,7,1604,1,0,0,0,0,,,,0,0,0,2,1,0,0,2,2,1,5,0,0,0,0,0,0,0,12,326,1836,31,16,5,10,0,18445,3675,1355,0,0,0,0,0,23475
INC-20240116-0082,Fire,Hazmat Fire,3,Miami,FL,28.93951,-82.03673,2024-01-16T11:00,2024-01-16T22:00,11,2883,3,0,0,0,0,,,,0,0,1,3,0,0,2,2,1,1,6,0,0,0,0,0,0,0,1,434,1350,35,20,3,12,0,39270,7480,1130,0,0,0,0,0,47880
INC-20230228-0083,Fire,Hazmat Fire,4,Las Vegas,NV,35.65149,-122.50417,2023-02-28T08:00,2023-02-28T17:00,9,5336,9,0,0,0,0,,,,1,66008,0,4,1,0,1,3,2,1,0,0,0,0,0,0,0,0,33,475,1441,33,28,5,0,0,35343,9405,2672.5,0,0,18,20250,1700912.17,1768582.67
INC-20220418-0084,Fire,Brush Fire,4,Minneapolis,MN,47.38971,-114.66512,2022-04-18T18:00,2022-04-22T07:00,85,2444,7,0,78,14,612.6,,,,0,0,1,5,0,12,9,3,1,1,5,0,0,0,0,6,2,9.6,25,577,4567,93,80,3,10,0,940695,242250,2717.5,32640,0,18,191250,0,1409552.5
INC-20240409-0085,Fire,Vehicle Fire,4,Miami,FL,27.84018,-111.63825,2024-04-09T12:00,2024-04-09T13:00,1,5324,5,0,0,0,0,,,,0,0,0,1,1,0,0,3,0,0,4,0,0,0,0,0,0,0,11,439,1159,22,14,0,8,0,2618,475,1592.5,0,0,12,1500,635338.08,641523.58
INC-20231208-0086,Weather,Ice Storm,4,Phoenix,AZ,27.64962,-82.26444,2023-12-08T21:00,2023-12-12T08:00,83,5804,15,0,0,0,0,49,1.29,26,1,71860,0,0,0,0,0,1,12,2,31,18,4100,128,3646,0,0,0,823,3618,44613,144,2,26,62,54,1422288,102505,62716.1,0,139400,10,103750,0,1830659.1
INC-20231126-0087,Weather,River Flood,3,San Diego,CA,47.16548,-81.33242,2023-11-26T14:00,2023-11-28T09:00,43,1482,6,0,0,0,0,40,7.3,69,0,0,0,0,0,0,0,3,10,1,27,30,2595,132,66705,0,5,0,648,4721,202047,171,6,21,54,90,750006,47515,80149.25,0,77850,0,0,615948.41,1571468.66
INC-20230309-0088,Fire,Vehicle Fire,2,Nashville,TN,35.48125,-96.30388,2023-03-09T20:00,2023-03-10T04:00,8,544,7,0,0,0,0,,,,0,0,0,3,0,0,0,1,1,1,3,0,0,0,0,0,0,0,16,213,913,23,14,3,6,0,15640,3000,1252.5,0,0,0,0,16848.84,36741.34
INC-20230418-0089,Public Health,Hospital Surge,3,Miami,FL,26.77435,-113.80155,2023-04-18T10:00,2023-04-27T16:00,222,5904,4,0,0,0,0,,,,0,0,1,0,0,0,0,2,58,2,19,0,191,37,0,0,0,0,17175,100308,62253,160,4,118,38,0,3623040,1132200,1028085,0,5730,0,0,0,5789055
INC-20240209-0090,Civil,Search and Rescue,1,Portland,OR,26.82751,-72.8042,2024-02-09T12:00,2024-02-09T17:00,5,1589,1,0,0,0,0,,,,0,0,0,0,0,0,0,2,10,1,186,18,0,0,0,0,3,0,51,1358,16969,451,4,21,372,54,153340,3900,5690,0,0,0,0,0,162930
INC-20240526-0091,Civil,Search and Rescue,2,Las Vegas,NV,30.50975,-80.49946,2024-05-26T10:00,2024-05-29T01:00,63,1682,3,0,0,0,0,,,,0,0,0,0,0,0,0,1,20,1,70,13,0,0,0,0,3,0,368,467,7097,222,2,41,140,39,1188810,99225,17727.5,0,0,0,0,0,1305762.5
INC-20230629-0092,Public Health,Disease Outbreak,3,Sacramento,CA,33.33715,-93.89001,2023-06-29T09:00,2023-07-07T17:00,200,1989,7,0,0,0,0,,,,0,0,1,0,0,0,0,1,48,2,5,0,0,9,0,0,0,0,24969,89892,28344,110,2,98,10,0,2244000,833000,1349415,0,0,0,0,0,4426415
INC-20221205-0093,Civil,Mass Transit Disruption,2,Chicago,IL,46.00941,-85.1985,2022-12-05T23:00,2022-12-07T18:00,43,796,4,0,0,0,0,,,,0,0,0,0,0,0,0,2,15,1,157,15,0,0,0,0,0,0,422,1985,18352,394,4,31,314,45,1440070,54825,23952.5,0,0,0,0,0,1518847.5
INC-20240307-0094,Weather,Severe Thunderstorm,3,Boston,MA,26.13716,-97.52827,2024-03-07T11:00,2024-03-07T16:00,5,5451,2,0,0,0,0,100,2.07,55,0,0,1,0,0,0,0,1,16,2,46,15,2346,78,0,588,3,0,520,1170,101928,173,2,34,92,45,88230,7225,50385,0,70380,0,0,0,216220
INC-20220411-0095,Civil,Search and Rescue,3,Sacramento,CA,35.13297,-94.53279,2022-04-11T09:00,2022-04-14T03:00,66,5100,10,0,0,0,0,,,,0,0,0,0,0,0,0,1,11,1,72,12,0,0,0,0,2,0,591,744,14460,205,2,23,144,36,1380060,67320,28455,0,0,0,0,0,1475835
INC-20240402-0096,Weather,Severe Thunderstorm,4,Minneapolis,MN,25.90574,-122.37919,2024-04-02T13:00,2024-04-03T23:00,34,5884,7,0,0,0,0,100,3.36,64,0,0,0,0,0,0,0,3,20,2,56,18,1304,168,0,992,1,0,747,3451,114810,214,6,42,112,54,865844,74290,87202.5,0,44336,17,72250,0,1143922.5
INC-20230329-0097,Fire,Hazmat Fire,2,Boston,MA,38.1333,-81.07686,2023-03-29T06:00,2023-03-29T13:00,7,2990,6,0,0,0,0,,,,0,0,0,6,2,0,0,2,2,1,5,0,0,0,0,0,0,0,23,176,1533,51,36,5,10,0,30345,6300,1475,0,0,0,0,94356.05,132476.05
INC-20220721-0098,Civil,Mass Transit Disruption,2,Portland,OR,37.88283,-86.32161,2022-07-21T18:00,2022-07-22T00:00,6,800,6,0,0,0,0,,,,0,0,0,0,0,0,0,1,28,1,135,6,0,0,0,0,3,0,646,1637,16133,347,2,57,270,18,176970,13050,33162.5,0,0,0,0,0,223182.5
INC-20231210-0099,Fire,Vehicle Fire,3,Charlotte,NC,32.31361,-88.40864,2023-12-10T04:00,2023-12-10T13:00,9,3258,6,0,0,0,0,,,,0,0,0,2,1,0,0,2,2,1,1,0,0,0,0,0,0,0,16,479,1191,23,16,5,2,0,21114,5355,1917.5,0,0,0,0,766769.28,795155.78
INC-20240820-0100,Public Health,Disease Outbreak,3,Austin,TX,40.86224,-107.22128,2024-08-20T10:00,2024-08-28T00:00,182,2172,9,0,0,0,0,,,,0,0,0,0,0,0,0,3,69,2,10,0,0,34,0,0,0,0,56973,25461,45083,166,6,140,20,0,3081624,1113840,2631517.5,0,0,0,0,0,6826981.5
INC-20230201-0101,Public Health,Hospital Surge,2,Chicago,IL,46.49456,-120.1929,2023-02-01T13:00,2023-02-04T20:00,79,3804,1,0,0,0,0,,,,0,0,0,0,0,0,0,2,27,2,8,0,1695,35,0,0,0,0,18168,71592,55524,76,4,56,16,0,510340,171825,1000740,0,44070,0,0,0,1726975
INC-20240420-0102,Weather,Tropical Storm,3,Denver,CO,26.14222,-75.16746,2024-04-20T14:00,2024-04-24T04:00,86,1416,6,0,0,0,0,131,6.19,71,0,0,0,8,0,0,5,2,23,2,40,33,3069,552,219216,66,3,0,598,4696,253056,273,46,48,80,99,2394756,277780,183265.6,0,92070,0,0,0,2947871.6
INC-20240531-0103,Public Health,Disease Outbreak,2,Denver,CO,42.29631,-88.94972,2024-05-31T20:00,2024-06-10T18:00,238,970,0,0,0,0,0,,,,0,0,0,0,0,0,0,1,25,2,15,0,0,25,0,0,0,0,2780,24040,77439,84,2,52,30,0,1699320,464100,188200,0,0,0,0,0,2351620
INC-20220221-0104,Weather,Flash Flood,2,Boston,MA,37.77914,-118.65211,2022-02-21T03:00,2022-02-24T19:00,88,1392,2,0,0,0,0,23,6,81,0,0,0,0,0,0,0,3,10,1,47,23,2016,138,456200,0,2,0,418,1522,73144,190,6,21,94,69,1421200,85800,198845,0,52416,0,0,201721.06,1959982.06
INC-20241215-0105,Fire,Hazmat Fire,3,Miami,FL,40.17403,-113.97271,2024-12-15T15:00,2024-12-16T01:00,10,3783,6,0,0,0,0,,,,0,0,0,4,0,0,1,2,3,1,4,0,0,0,0,0,0,0,13,542,1078,37,22,7,8,0,37740,8500,1940,0,0,0,0,0,48180
INC-20221223-0106,Weather,Hurricane,5,Las Vegas,NV,31.00737,-106.53542,2022-12-23T01:00,2023-01-01T01:00,216,6010,9,0,0,0,0,138,6.25,89,1,22880,0,3,0,0,5,1,17,2,58,26,17605,925,1322325,2460,5,0,546,3616,288358,254,24,36,116,78,7461504,589680,668923.75,0,668990,13,393120,0,9782217.75
INC-20240816-0107,Public Health,Heat Illness Surge,4,Nashville,TN,37.09415,-88.30685,2024-08-16T09:00,2024-08-24T16:00,199,1828,7,0,0,0,0,,,,0,0,0,0,0,0,0,3,72,2,4,0,1076,23,0,0,0,0,70028,119112,27018,160,6,146,8,0,3788960,1417875,3451800,0,36584,14,348250,0,9043469
INC-20240221-0108,Civil,Evacuation Support,2,Atlanta,GA,32.38265,-96.14139,2024-02-21T22:00,2024-02-22T21:00,23,496,1,0,0,0,0,,,,0,0,0,0,0,0,0,2,22,1,53,14,232,0,0,0,0,0,545,320,14802,197,4,45,106,42,385135,41400,25325,0,6032,0,0,0,457892
INC-20240202-0109,Civil,Large Public Event,3,Boston,MA,41.2738,-102.9208,2024-02-02T22:00,2024-02-04T15:00,41,5046,1,0,0,0,0,,,,0,0,0,0,0,0,0,1,14,1,230,18,0,0,0,0,0,0,372,917,3819,545,2,29,460,54,2279190,52275,19032.5,0,0,0,0,0,2350497.5
INC-20231007-0110,Fire,Wildland Fire,5,Atlanta,GA,42.30187,-82.76239,2023-10-07T12:00,2023-10-08T19:00,31,7515,8,0,97,14,227.1,,,,0,0,0,6,0,10,7,3,3,1,0,0,0,0,0,11,1,17,33,365,2206,81,74,7,0,0,341496,94395,2672.5,64600,0,0,0,1205100.52,1708264.02
INC-20231228-0111,Civil,Mass Transit Disruption,3,San Diego,CA,30.56902,-105.63429,2023-12-28T06:00,2023-12-29T13:00,31,1722,8,0,0,0,0,,,,0,0,0,0,0,0,0,1,29,1,48,13,0,0,0,0,4,0,36,1967,9316,196,2,59,96,39,619752,79050,6537.5,0,0,0,0,0,705339.5
INC-20240321-0112,Fire,Wildland Fire,4,Austin,TX,41.66217,-102.57654,2024-03-21T22:00,2024-03-23T13:00,39,1956,13,0,35,8,497.2,,,,1,8788,1,6,0,12,7,3,1,1,6,0,0,0,0,19,2,6.8,21,323,3217,95,80,3,12,0,440895,107445,2227.5,23120,0,0,0,0,573687.5
INC-20240129-0113,Weather,Blizzard,4,San Diego,CA,46.87653,-73.18354,2024-01-29T22:00,2024-01-30T16:00,18,5536,5,0,0,0,0,36,0.77,19,0,0,0,0,0,0,0,1,17,2,58,29,7356,152,2463,0,0,0,614,2182,233399,241,2,36,116,87,516222,30780,52187.05,0,250104,0,0,0,849293.05
INC-20221215-0114,Infrastructure,Water Main Break,2,Miami,FL,39.55088,-74.23868,2022-12-15T03:00,2022-12-16T23:00,44,3488,6,0,0,0,0,,,,0,0,0,0,0,0,0,2,3,1,42,19,0,0,4398,24,0,0,154,1338,24774,152,4,7,84,57,568480,16500,12414.3,0,0,0,0,0,597394.3
INC-20241105-0115,Fire,Industrial Fire,3,Phoenix,AZ,29.7,-75.06671,2024-11-05T23:00,2024-11-07T09:00,34,1890,6,0,4,0,0,,,,0,0,0,15,2,0,4,2,2,1,5,0,0,0,0,0,0,0,22,322,2558,95,80,5,10,0,329460,72250,1795,0,0,0,0,721860.11,1125365.11
INC-20221224-0116,Public Health,Disease Outbreak,3,Atlanta,GA,44.86327,-99.10278,2022-12-24T02:00,2022-12-29T19:00,137,4962,9,0,0,0,0,,,,0,0,1,0,0,0,0,2,32,2,13,0,0,36,0,0,0,0,5094,82881,72328,96,4,66,26,0,1341504,395930,440752.5,0,0,0,0,0,2178186.5
INC-20240126-0117,Fire,High-Rise Fire,4,Miami,FL,28.42926,-106.52234,2024-01-26T10:00,2024-01-27T08:00,22,3148,7,0,4,3,0,,,,0,0,1,17,5,0,3,3,3,1,6,0,0,0,0,0,0,0,33,336,2021,119,100,7,12,0,311542,64790,2325,0,0,20,55000,0,433657
INC-20220412-0118,Fire,Structure Fire,2,Portland,OR,34.27883,-78.58131,2022-04-12T11:00,2022-04-12T12:00,1,966,5,0,4,4,0,,,,0,0,0,7,3,0,2,2,2,1,0,0,0,0,0,0,0,0,34,465,1239,53,48,5,0,0,4505,1200,2692.5,0,0,0,0,0,8397.5
INC-20220117-0119,Fire,Brush Fire,2,Phoenix,AZ,41.24934,-95.30227,2022-01-17T04:00,2022-01-20T07:00,75,1194,4,0,0,0,567.8,,,,0,0,0,6,0,7,5,1,0,0,0,0,0,0,0,16,2,8.6,8,331,4762,57,57,0,0,0,363375,106875,1587.5,22360,0,0,0,928960.12,1423157.62
INC-20240722-0120,Weather,Flash Flood,2,Austin,TX,27.10376,-103.83011,2024-07-22T22:00,2024-07-23T18:00,20,2282,3,0,0,0,0,35,1.62,40,0,0,0,0,0,0,0,3,21,2,24,10,2740,120,453196,0,6,0,177,5235,95840,128,6,44,48,30,217600,36000,194071.1,0,71240,0,0,0,518911.1
INC-20221016-0121,Fire,Industrial Fire,4,Las Vegas,NV,26.04764,-120.44803,2022-10-16T15:00,2022-10-17T12:00,21,7620,7,0,3,2,0,,,,0,0,1,8,4,0,1,2,2,1,4,0,0,0,0,0,0,0,10,403,2404,67,54,5,8,0,167433,33915,1457.5,0,0,20,52500,1983031.72,2238337.22
INC-20231115-0122,Weather,Tropical Storm,3,Chicago,IL,27.19793,-111.84815,2023-11-15T17:00,2023-11-17T06:00,37,495,3,0,0,0,0,126,9.14,92,0,0,0,8,0,0,1,2,16,2,20,31,11670,405,361830,606,7,0,786,5599,190577,205,38,34,40,93,773670,84915,239758,0,350100,0,0,0,1448443
INC-20220423-0123,Weather,Tropical Storm,3,Denver,CO,33.55,-81.77798,2022-04-23T00:00,2022-04-25T15:00,63,975,10,0,0,0,0,99,7.7,71,0,0,0,3,0,0,1,1,22,2,19,20,9444,612,427305,216,3,0,680,4476,130578,160,16,46,38,60,1028160,144585,270186.75,0,283320,0,0,1303196.7,3029448.45
INC-20230610-0124,Civil,Search and Rescue,1,Seattle,WA,34.31073,-82.03528,2023-06-10T23:00,2023-06-12T14:00,39,1494,2,0,0,0,0,,,,0,0,0,0,0,0,0,1,20,1,166,5,0,0,0,0,3,0,295,334,11537,390,2,41,332,15,1034280,53235,14110,0,0,0,0,0,1101625
INC-20220328-0125,Infrastructure,Water Main Break,2,Denver,CO,31.20914,-108.1635,2022-03-28T09:00,2022-03-30T18:00,57,3224,6,0,0,0,0,,,,0,0,0,0,0,0,0,1,9,1,39,60,0,0,3203,29,0,0,77,377,6855,279,2,19,78,180,1351755,42750,6253.55,0,0,0,0,0,1400758.55
INC-20240426-0126,Infrastructure,Bridge Collapse,4,Phoenix,AZ,34.90502,-101.03142,2024-04-26T18:00,2024-04-28T14:00,44,6784,9,0,0,0,0,,,,0,0,0,0,0,0,0,1,9,1,34,43,0,0,0,30,0,0,101,463,12995,218,2,19,68,129,1141448,41800,6452.5,0,0,0,0,0,1189700.5
INC-20241203-0127,Infrastructure,Cyber Outage,2,Denver,CO,33.46124,-80.00105,2024-12-03T15:00,2024-12-05T10:00,43,1628,0,0,0,0,0,,,,0,0,0,0,0,0,0,1,2,1,42,51,0,0,0,1,0,0,181,1045,26479,244,2,5,84,153,891820,9675,10782.5,0,0,0,0,0,912277.5
INC-20240803-0128,Infrastructure,Bridge Collapse,2,Austin,TX,40.142,-116.91474,2024-08-03T22:00,2024-08-06T04:00,54,1260,9,0,0,0,0,,,,0,0,0,0,0,0,0,1,6,1,17,30,0,0,0,28,0,0,149,1081,22793,139,2,13,34,90,638010,28350,10107.5,0,0,0,0,0,676467.5
INC-20240113-0129,Civil,Mass Transit Disruption,1,Chicago,IL,40.78677,-80.22981,2024-01-13T06:00,2024-01-15T06:00,48,1226,1,0,0,0,0,,,,0,0,0,0,0,0,0,1,25,1,188,11,0,0,0,0,1,0,65,1304,20395,462,2,51,376,33,1507968,81120,6185,0,0,0,0,0,1595273
INC-20241223-0130,Infrastructure,Bridge Collapse,4,Portland,OR,25.23732,-110.39876,2024-12-23T02:00,2024-12-23T17:00,15,4220,7,0,0,0,0,,,,0,0,0,0,0,0,0,1,6,1,37,52,0,0,0,44,0,0,88,408,17649,245,2,13,74,156,437325,9975,6080,0,0,0,0,0,453380
INC-20230722-0131,Fire,High-Rise Fire,2,Boston,MA,43.70465,-84.70679,2023-07-22T22:00,2023-07-23T09:00,11,1446,2,0,4,4,0,,,,0,0,0,9,5,0,3,2,3,1,3,0,0,0,0,0,0,0,12,313,1364,79,66,7,6,0,73865,18150,1322.5,0,0,0,0,908016.22,1001353.72
INC-20230414-0132,Fire,Structure Fire,2,San Diego,CA,43.00113,-73.81923,2023-04-14T09:00,2023-04-14T20:00,11,3052,4,0,3,2,0,,,,0,0,0,6,3,0,0,2,3,1,1,0,0,0,0,0,0,0,30,245,1635,49,40,7,2,0,45815,11550,1962.5,0,0,0,0,0,59327.5
INC-20230906-0133,Civil,Evacuation Support,3,San Diego,CA,25.10013,-112.79361,2023-09-06T19:00,2023-09-08T22:00,51,1740,7,0,0,0,0,,,,0,0,0,0,0,0,0,1,11,1,187,17,187,0,0,0,1,0,221,717,17023,450,2,23,374,51,2340900,52020,11737.5,0,5610,0,0,0,2410267.5
INC-20231222-0134,Public Health,Heat Illness Surge,3,Seattle,WA,33.74438,-103.10635,2023-12-22T12:00,2023-12-29T02:00,158,729,2,0,0,0,0,,,,0,0,1,0,0,0,0,3,30,2,11,0,1881,5,0,0,0,0,58614,122310,61847,90,6,62,22,0,1450440,443190,2944005,0,56430,0,0,0,4894065
INC-20220609-0135,Weather,Flash Flood,3,Seattle,WA,40.60232,-96.66004,2022-06-09T16:00,2022-06-14T03:00,107,2598,10,0,0,0,0,43,2.52,64,0,0,1,0,0,0,0,2,25,2,30,26,3558,81,560337,0,1,0,253,3166,154756,194,4,52,60,78,2117316,245565,225137.95,0,106740,0,0,0,2694758.95
INC-20220114-0136,Fire,Hazmat Fire,4,Nashville,TN,29.39039,-103.57504,2022-01-14T02:00,2022-01-14T05:00,3,4640,4,0,0,0,0,,,,1,71264,0,3,0,0,2,3,3,1,3,0,0,0,0,0,0,0,35,265,801,35,22,7,6,0,12495,3135,2237.5,0,0,18,6750,968055.57,992673.07
INC-20231129-0137,Infrastructure,Cyber Outage,1,San Diego,CA,27.56965,-82.25634,2023-11-29T10:00,2023-12-02T13:00,75,1696,5,0,0,0,0,,,,0,0,0,0,0,0,0,1,8,1,33,57,0,0,0,6,0,0,167,1799,28366,256,2,17,66,171,1305600,43875,12162.5,0,0,0,0,0,1361637.5
INC-20220214-0138,Weather,Flash Flood,4,Minneapolis,MN,32.84298,-79.98829,2022-02-14T00:00,2022-02-17T07:00,79,3636,7,0,0,0,0,12,9.53,55,1,71416,0,0,0,0,0,1,23,2,46,36,1892,88,194044,0,6,0,723,1486,75048,250,2,48,92,108,2350250,180120,114725.4,0,64328,17,167875,0,2877298.4
INC-20241021-0139,Fire,Vehicle Fire,4,Atlanta,GA,47.33094,-77.24591,2024-10-21T03:00,2024-10-21T04:00,1,1076,4,0,0,0,0,,,,0,0,0,3,1,0,0,2,1,1,1,0,0,0,0,0,0,0,24,376,1054,25,20,3,2,0,2975,665,2020,0,0,12,1500,2266125.43,2273285.43
INC-20231205-0140,Fire,Brush Fire,3,Minneapolis,MN,46.06756,-104.38562,2023-12-05T23:00,2023-12-09T23:00,96,5868,8,0,222,49,4.4,,,,0,0,0,4,0,7,8,1,3,1,5,0,0,0,0,17,3,10.3,25,308,5549,72,55,7,10,0,705024,187680,2320,30900,0,0,0,446493.47,1372417.47
INC-20240720-0141,Infrastructure,Bridge Collapse,2,Charlotte,NC,27.24043,-81.77801,2024-07-20T21:00,2024-07-21T04:00,7,1902,3,0,0,0,0,,,,0,0,0,0,0,0,0,1,7,1,18,21,0,0,0,27,0,0,33,1510,7479,116,2,15,36,63,69020,4200,5935,0,0,0,0,0,79155
INC-20230110-0142,Public Health,Hospital Surge,2,Las Vegas,NV,33.1098,-120.00808,2023-01-10T03:00,2023-01-17T08:00,173,2740,5,0,0,0,0,,,,0,0,0,0,0,0,0,2,54,2,11,0,1486,27,0,0,0,0,15744,92676,62257,136,4,110,22,0,1999880,726600,943410,0,38636,0,0,0,3708526
INC-20221019-0143,Fire,Structure Fire,4,Seattle,WA,27.98575,-112.1726,2022-10-19T09:00,2022-10-19T11:00,2,5608,6,0,1,1,0,,,,1,41868,0,6,3,0,0,2,3,1,5,0,0,0,0,0,0,0,22,367,482,57,40,7,10,0,13566,2660,1907.5,0,0,10,2500,1196543.05,1217176.55
INC-20231226-0144,Weather,Tropical Storm,2,Miami,FL,39.62545,-100.51458,2023-12-26T07:00,2024-01-02T19:00,180,2978,0,0,0,0,0,77,13.31,72,0,0,0,7,0,0,3,2,8,1,42,14,2046,90,131138,642,7,0,333,1745,123445,181,38,17,84,42,2769300,270000,92095.8,0,53196,0,0,938373.35,4122965.15
INC-20241129-0145,Civil,Search and Rescue,1,Nashville,TN,29.62253,-91.42249,2024-11-29T13:00,2024-12-01T05:00,40,396,3,0,0,0,0,,,,0,0,0,0,0,0,0,2,24,1,95,1,0,0,0,0,1,0,135,840,9599,246,4,49,190,3,669120,67600,8175,0,0,0,0,0,744895
INC-20231223-0146,Civil,Large Public Event,1,Boston,MA,46.0133,-117.30693,2023-12-23T06:00,2023-12-25T06:00,48,1772,3,0,0,0,0,,,,0,0,0,0,0,0,0,1,6,1,140,0,0,0,0,0,4,0,288,78,9009,295,2,13,280,0,962880,21840,13155,0,0,0,0,0,997875
INC-20231123-0147,Fire,Brush Fire,3,Phoenix,AZ,41.03415,-82.6925,2023-11-23T16:00,2023-11-27T08:00,88,2631,3,0,137,34,326.6,,,,0,0,0,4,0,7,5,1,2,1,0,0,0,0,0,13,2,8.8,23,400,5899,54,49,5,0,0,484704,142120,2360,26400,0,0,0,0,655584
INC-20240811-0148,Fire,High-Rise Fire,4,Portland,OR,26.30288,-119.8014,2024-08-11T22:00,2024-08-12T17:00,19,3596,11,11,12,10,0,,,,0,0,0,12,2,0,1,2,1,1,0,0,0,0,0,0,0,0,30,504,1860,65,62,3,0,0,146965,32490,2610,0,0,0,0,1733396.82,1915461.82
INC-20241119-0149,Public Health,Mass Casualty,3,Miami,FL,43.15993,-109.67706,2024-11-19T06:00,2024-11-23T01:00,91,420,5,0,0,0,0,,,,0,0,0,0,0,0,0,3,23,2,17,0,0,3,0,0,0,0,36000,101922,43842,88,6,48,34,0,816816,201110,1875165,0,0,0,0,0,2893091
INC-20221215-0150,Public Health,Hospital Surge,2,Miami,FL,37.91303,-85.10858,2022-12-15T07:00,2022-12-25T01:00,234,954,12,0,0,0,0,,,,0,0,0,0,0,0,0,3,46,2,2,0,90,2,0,0,0,0,16426,2610,56317,104,6,94,4,0,2068560,859950,745935,0,2340,0,0,0,3676785
INC-20220902-0151,Infrastructure,Water Main Break,1,Sacramento,CA,43.0701,-85.58587,2022-09-02T08:00,2022-09-05T08:00,72,1352,0,0,0,0,0,,,,0,0,0,0,0,0,0,2,4,1,25,55,0,0,9364,23,0,0,172,1128,8012,228,4,9,50,165,1116288,28080,14412.4,0,0,0,0,0,1158780.4
INC-20221101-0152,Fire,Vehicle Fire,2,Las Vegas,NV,26.55084,-99.15237,2022-11-01T17:00,2022-11-02T00:00,7,1176,5,0,0,0,0,,,,0,0,0,3,1,0,0,2,2,1,0,0,0,0,0,0,0,0,16,154,960,25,20,5,0,0,14875,4200,1105,0,0,0,0,641152.86,661332.86
INC-20240318-0153,Infrastructure,Bridge Collapse,4,Austin,TX,41.48043,-94.71252,2024-03-18T20:00,2024-03-19T23:00,27,6560,3,1,0,0,0,,,,0,0,0,0,0,0,0,2,8,1,28,25,0,0,0,21,0,0,168,1654,1897,152,4,17,56,75,488376,25650,12220,0,0,12,40500,0,566746
INC-20221008-0154,Public Health,Mass Casualty,4,San Diego,CA,36.07065,-121.23572,2022-10-08T03:00,2022-10-12T20:00,113,1204,7,0,0,0,0,,,,0,0,0,0,0,0,0,3,50,2,13,0,0,37,0,0,0,0,11928,198056,19563,134,6,102,26,0,1801898,568955,1036340,0,0,0,0,0,3407193
INC-20230817-0155,Fire,Structure Fire,3,Chicago,IL,31.56271,-78.1252,2023-08-17T21:00,2023-08-18T01:00,4,5718,4,0,7,5,0,,,,0,0,1,5,1,0,0,2,3,1,2,0,0,0,0,0,0,0,34,269,1597,39,28,7,4,0,15912,3740,2202.5,0,0,0,0,254989.04,276843.54
INC-20241117-0156,Civil,Search and Rescue,2,Seattle,WA,31.93692,-110.05707,2024-11-17T18:00,2024-11-20T05:00,59,510,4,0,0,0,0,,,,0,0,0,0,0,0,0,1,27,1,70,9,0,0,0,0,4,0,355,490,7130,224,2,55,140,27,1123360,123900,17200,0,0,0,0,0,1264460
INC-20230626-0157,Weather,River Flood,2,Seattle,WA,30.85375,-70.50812,2023-06-26T00:00,2023-06-29T16:00,88,146,9,0,0,0,0,40,9.23,55,0,0,0,0,0,0,0,1,10,1,43,11,352,12,73676,0,6,0,213,2420,227323,142,2,21,86,33,1062160,72600,42861.6,0,9152,0,0,267121.99,1453895.59
INC-20240306-0158,Public Health,Mass Casualty,4,Chicago,IL,43.28681,-123.31189,2024-03-06T01:00,2024-03-16T01:00,240,568,9,0,0,0,0,,,,0,0,0,0,0,0,0,1,78,2,12,0,0,3,0,0,0,0,61220,13192,37009,184,2,158,24,0,5255040,1801200,2788240,0,0,12,360000,0,10204480
INC-20230607-0159,Infrastructure,Power Outage,3,Chicago,IL,32.96372,-74.99742,2023-06-07T13:00,2023-06-08T13:00,24,1719,10,0,0,0,0,,,,0,0,0,0,0,0,0,2,0,0,20,47,0,157,0,41,0,0,105,1121,11370,185,4,0,40,141,452880,4080,27392.5,0,0,0,0,0,484352.5
INC-20220325-0160,Civil,Mass Transit Disruption,1,Las Vegas,NV,33.61784,-101.6517,2022-03-25T06:00,2022-03-26T19:00,37,1326,4,0,0,0,0,,,,0,0,0,0,0,0,0,1,26,1,117,11,0,0,0,0,3,0,516,1650,12883,322,2,53,234,33,810152,64935,27345,0,0,0,0,0,902432
INC-20230615-0161,Civil,Search and Rescue,2,Las Vegas,NV,25.58642,-91.95716,2023-06-15T06:00,2023-06-16T07:00,25,140,1,0,0,0,0,,,,0,0,0,0,0,0,0,2,21,1,44,16,0,0,0,0,2,0,258,1246,6480,183,4,43,88,48,388875,43125,14725,0,0,0,0,0,446725
INC-20221230-0162,Weather,Severe Thunderstorm,2,Seattle,WA,37.95307,-70.94478,2022-12-30T21:00,2022-12-31T13:00,16,1610,0,0,0,0,0,62,1.47,75,0,0,0,0,0,0,0,3,6,1,36,26,720,94,0,380,4,0,656,1764,155946,169,6,13,72,78,229840,10800,54710,0,18720,0,0,0,314070
INC-20230226-0163,Infrastructure,Cyber Outage,2,Charlotte,NC,25.85418,-121.43885,2023-02-26T23:00,2023-03-01T15:00,64,2484,8,0,0,0,0,,,,0,0,0,0,0,0,0,1,7,1,41,15,0,0,0,39,0,0,33,1751,10301,144,2,15,82,45,783360,38400,6837.5,0,0,0,0,0,828597.5
INC-20220323-0164,Weather,River Flood,2,Sacramento,CA,38.19871,-74.51128,2022-03-23T07:00,2022-03-25T08:00,49,3190,6,0,0,0,0,28,11.57,63,0,0,0,0,0,0,0,3,9,1,39,26,1420,86,186454,0,1,0,734,4178,56088,181,6,19,78,78,753865,44100,119053.9,0,36920,0,0,0,953938.9
INC-20240823-0165,Public Health,Hospital Surge,3,Portland,OR,39.97446,-80.11224,2024-08-23T12:00,2024-08-26T03:00,63,2352,8,0,0,0,0,,,,0,0,0,0,0,0,0,2,65,2,11,0,260,36,0,0,0,0,774,36438,33963,158,4,132,22,0,1015308,358785,130245,0,7800,0,0,0,1512138
INC-20220906-0166,Civil,Large Public Event,2,Minneapolis,MN,39.39205,-118.82599,2022-09-06T14:00,2022-09-07T20:00,30,2052,7,0,0,0,0,,,,0,0,0,0,0,0,0,1,16,1,118,5,0,0,0,0,0,0,706,1501,12401,286,2,33,236,15,729300,38250,35522.5,0,0,0,0,0,803072.5
INC-20221014-0167,Fire,High-Rise Fire,3,Boston,MA,26.52538,-110.51214,2022-10-14T06:00,2022-10-16T06:00,48,693,9,0,12,0,0,,,,0,0,0,15,3,0,3,1,4,1,3,0,0,0,0,0,0,0,43,452,3375,95,80,9,6,0,465120,106080,3065,0,0,0,0,1252722.65,1826987.65
INC-20230909-0168,Weather,Tornado,2,Nashville,TN,31.63544,-107.12993,2023-09-09T03:00,2023-09-09T07:00,4,3918,0,0,0,0,0,53,0.91,65,0,0,0,0,0,0,0,2,8,1,24,31,190,120,0,300,2,0,801,4554,161521,162,4,17,48,93,55080,3000,69330,0,4940,0,0,724675.34,857025.34
INC-20220315-0169,Infrastructure,Water Main Break,1,Las Vegas,NV,29.62489,-114.14586,2022-03-15T02:00,2022-03-16T22:00,44,1437,1,0,0,0,0,,,,0,0,0,0,0,0,0,2,4,1,23,51,0,0,1571,3,0,0,140,1270,15574,212,4,9,46,153,634304,17160,10099.85,0,0,0,0,0,661563.85
INC-20220316-0170,Infrastructure,Water Main Break,2,Charlotte,NC,34.62113,-108.44706,2022-03-16T10:00,2022-03-16T12:00,2,2730,1,0,0,0,0,,,,0,0,0,0,0,0,0,1,2,1,21,15,0,0,4781,5,0,0,29,1828,16117,94,2,5,42,45,15980,450,7673.35,0,0,0,0,0,24103.35
INC-20231030-0171,Infrastructure,Damaged Gas Line,3,Denver,CO,39.44199,-103.37977,2023-10-30T18:00,2023-10-31T07:00,13,2307,3,0,0,0,0,,,,0,0,0,0,0,0,0,2,7,1,22,42,0,0,0,28,0,0,57,639,16389,189,4,15,44,126,250614,9945,4862.5,0,0,0,0,0,265421.5
INC-20220726-0172,Public Health,Mass Casualty,3,Charlotte,NC,40.03318,-80.45418,2022-07-26T08:00,2022-07-27T11:00,27,2571,9,0,0,0,0,,,,0,0,0,0,0,0,0,3,22,2,14,0,0,34,0,0,0,0,41751,104241,49727,80,6,46,28,0,220320,57375,2143477.5,0,0,0,0,0,2421172.5
INC-20231013-0173,Civil,Evacuation Support,2,Boston,MA,33.8831,-77.96028,2023-10-13T06:00,2023-10-13T18:00,12,162,3,0,0,0,0,,,,0,0,0,0,0,0,0,1,20,1,60,5,497,0,0,0,1,0,217,483,4994,178,2,41,120,15,181560,18900,10972.5,0,12922,0,0,0,224354.5
INC-20240721-0174,Infrastructure,Power Outage,3,Phoenix,AZ,47.43856,-90.31617,2024-07-21T16:00,2024-07-22T19:00,27,5154,3,0,0,0,0,,,,0,0,0,0,0,0,0,1,8,1,35,24,0,101,0,20,0,0,117,1164,10900,161,2,17,70,72,443394,20655,20795,0,0,0,0,0,484844
INC-20220603-0175,Fire,Brush Fire,4,Las Vegas,NV,28.33449,-92.45759,2022-06-03T15:00,2022-06-04T18:00,27,6252,6,0,199,6,617.5,,,,0,0,0,4,0,13,9,3,2,1,3,0,0,0,0,40,3,12.8,10,269,2114,90,79,5,6,0,289170,79515,2122.5,43520,0,0,0,0,414327.5
INC-20241015-0176,Weather,Hurricane,4,San Diego,CA,25.45524,-79.95247,2024-10-15T04:00,2024-10-20T03:00,119,2520,11,0,0,0,0,112,17.45,89,0,0,1,11,0,0,5,1,19,2,38,18,15316,832,676908,628,7,0,592,2539,52206,226,56,40,76,54,3200386,406980,385445.3,0,520744,0,0,0,4513555.3
INC-20231205-0177,Public Health,Mass Casualty,4,Charlotte,NC,32.00027,-96.87966,2023-12-05T12:00,2023-12-06T10:00,22,1148,8,0,0,0,0,,,,0,0,1,0,0,0,0,1,36,2,8,0,0,2,0,0,0,0,33500,17104,34113,92,2,74,16,0,240856,77330,1550500,0,0,4,11000,0,1879686
INC-20231121-0178,Public Health,Heat Illness Surge,4,Denver,CO,45.76916,-87.376,2023-11-21T15:00,2023-11-28T15:00,168,2020,4,0,0,0,0,,,,0,0,0,0,0,0,0,3,52,2,7,0,1967,35,0,0,0,0,77720,126408,41721,126,6,106,14,0,2518992,877800,3817620,0,66878,0,0,0,7281290
INC-20220207-0179,Fire,High-Rise Fire,4,Denver,CO,28.66542,-93.31194,2022-02-07T11:00,2022-02-07T18:00,7,7944,8,4,5,5,0,,,,1,40836,0,10,5,0,1,3,1,1,6,0,0,0,0,0,0,0,5,581,1781,83,68,3,12,0,69139,13300,1677.5,0,0,0,0,0,84116.5
INC-20230422-0180,Infrastructure,Damaged Gas Line,4,Denver,CO,29.9097,-108.03309,2023-04-22T02:00,2023-04-23T12:00,34,4304,10,0,0,0,0,,,,0,0,0,0,0,0,0,2,0,0,20,61,0,0,0,35,0,0,155,1316,23412,227,4,0,40,183,918442,6460,11140,0,0,11,46750,0,982792
INC-20230405-0181,Infrastructure,Power Outage,2,Seattle,WA,32.31558,-109.40977,2023-04-05T03:00,2023-04-08T14:00,83,2706,2,0,0,0,0,,,,0,0,0,0,0,0,0,2,8,1,17,26,0,195,0,3,0,0,169,927,24311,133,4,17,34,78,938315,62250,33397.5,0,0,0,0,0,1033962.5
INC-20240613-0182,Weather,Hurricane,4,Sacramento,CA,45.40551,-102.44936,2024-06-13T20:00,2024-06-17T14:00,90,6072,1,12,0,0,0,123,16.69,78,0,0,0,4,0,0,6,3,27,2,38,35,16388,968,755820,1116,5,0,325,5573,195389,271,34,56,76,105,2902410,342000,437154.5,0,557192,0,0,0,4238756.5
INC-20240612-0183,Weather,River Flood,2,Atlanta,GA,32.99388,-83.94056,2024-06-12T12:00,2024-06-15T08:00,68,1276,0,0,0,0,0,28,3.87,58,0,0,0,0,0,0,0,2,7,1,21,23,2476,158,464238,0,4,0,279,4468,37268,130,4,15,42,69,751400,45900,205168.3,0,64376,0,0,0,1066844.3
INC-20230212-0184,Infrastructure,Cyber Outage,3,Charlotte,NC,44.59411,-116.28257,2023-02-12T08:00,2023-02-12T16:00,8,1260,9,0,0,0,0,,,,0,0,0,0,0,0,0,2,7,1,47,45,0,0,0,45,0,0,20,1695,6809,248,4,15,94,135,202368,6120,6262.5,0,0,0,0,0,214750.5
INC-20230304-0185,Public Health,Hospital Surge,2,Boston,MA,35.1712,-113.08866,2023-03-04T21:00,2023-03-05T04:00,7,3188,6,0,0,0,0,,,,0,0,0,0,0,0,0,2,64,2,4,0,265,40,0,0,0,0,28822,81540,30841,142,4,130,8,0,84490,34650,1505640,0,6890,0,0,0,1631670
INC-20230608-0186,Infrastructure,Damaged Gas Line,2,Chicago,IL,37.01011,-84.67908,2023-06-08T08:00,2023-06-08T14:00,6,3910,8,0,0,0,0,,,,0,0,0,0,0,0,0,1,3,1,41,34,0,0,0,40,0,0,57,609,24838,193,2,7,82,102,98430,1800,5087.5,0,0,0,0,0,105317.5
INC-20220626-0187,Public Health,Disease Outbreak,2,San Diego,CA,36.32507,-107.81673,2022-06-26T00:00,2022-06-30T08:00,104,286,5,0,0,0,0,,,,0,0,0,0,0,0,0,2,43,2,18,0,0,27,0,0,0,0,22540,69696,57408,128,4,88,36,0,1131520,351000,1191780,0,0,0,0,0,2674300
INC-20230506-0188,Public Health,Heat Illness Surge,3,Miami,FL,46.3319,-74.45781,2023-05-06T11:00,2023-05-08T11:00,48,2508,3,0,0,0,0,,,,0,0,0,0,0,0,0,1,33,2,9,0,1489,1,0,0,0,0,21360,27294,45446,88,2,68,18,0,430848,138720,1029555,0,44670,0,0,0,1643793
INC-20230528-0189,Public Health,Mass Casualty,4,Seattle,WA,37.0315,-121.85201,2023-05-28T06:00,2023-06-05T17:00,203,432,5,12,0,0,0,,,,0,0,0,0,0,0,0,1,50,2,16,0,0,16,0,0,0,0,72532,34396,53390,136,2,102,32,0,3285352,983535,3351850,0,0,11,279125,0,7899862
INC-20230729-0190,Fire,High-Rise Fire,2,Portland,OR,36.70696,-90.55752,2023-07-29T15:00,2023-07-31T13:00,46,2890,0,0,3,3,0,,,,0,0,0,9,2,0,3,1,1,1,2,0,0,0,0,0,0,0,19,251,2909,59,52,3,4,0,230690,55200,1482.5,0,0,0,0,0,287372.5
INC-20230504-0191,Civil,Evacuation Support,3,Charlotte,NC,28.60841,-94.62644,2023-05-04T16:00,2023-05-06T07:00,39,5622,7,0,0,0,0,,,,0,0,0,0,0,0,0,2,8,1,100,0,464,0,0,0,0,0,607,276,17860,221,4,17,200,0,879138,33150,28005,0,13920,0,0,0,954213
INC-20240914-0192,Fire,Wildland Fire,4,Miami,FL,30.20111,-70.61771,2024-09-14T21:00,2024-09-18T15:00,90,2464,14,0,223,2,1107,,,,1,47660,0,4,0,13,3,3,2,1,6,0,0,0,0,10,0,13.7,32,254,4983,84,67,5,12,0,899640,213750,2325,46580,0,0,0,0,1162295
INC-20230413-0193,Fire,Hazmat Fire,3,Denver,CO,34.01749,-72.05411,2023-04-13T22:00,2023-04-14T00:00,2,1698,8,0,0,0,0,,,,0,0,1,3,0,0,0,2,3,1,5,0,0,0,0,0,0,0,40,230,626,33,16,7,10,0,6732,1360,2375,0,0,0,0,0,10467
INC-20220905-0194,Civil,Mass Transit Disruption,3,Boston,MA,38.75556,-77.48962,2022-09-05T11:00,2022-09-07T10:00,47,5436,2,0,0,0,0,,,,0,0,0,0,0,0,0,1,23,1,163,3,0,0,0,0,3,0,84,144,10482,384,2,47,326,9,1840896,95880,4140,0,0,0,0,0,1940916
INC-20240819-0195,Public Health,Mass Casualty,4,Portland,OR,44.64573,-96.20907,2024-08-19T23:00,2024-08-27T08:00,177,5676,7,0,0,0,0,,,,0,0,0,0,0,0,0,1,54,2,13,0,0,9,0,0,0,0,51244,179284,74686,138,2,110,26,0,2906694,924825,2755270,0,0,0,0,0,6586789
INC-20240528-0196,Fire,Structure Fire,3,Nashville,TN,44.09903,-78.07302,2024-05-28T10:00,2024-05-28T19:00,9,5370,4,0,3,0,0,,,,0,0,0,6,2,0,0,2,2,1,1,0,0,0,0,0,0,0,12,459,1777,43,36,5,2,0,39474,9180,1687.5,0,0,0,0,812597.79,862939.29
INC-20220501-0197,Civil,Mass Transit Disruption,3,Minneapolis,MN,32.11138,-71.05344,2022-05-01T04:00,2022-05-03T15:00,59,4608,9,0,0,0,0,,,,0,0,0,0,0,0,0,1,20,1,66,13,0,0,0,0,0,0,20,1174,5248,214,2,41,132,39,1287852,105315,3835,0,0,0,0,0,1397002
INC-20231126-0198,Civil,Search and Rescue,2,Minneapolis,MN,46.38299,-104.69783,2023-11-26T01:00,2023-11-28T13:00,60,242,6,0,0,0,0,,,,0,0,0,0,0,0,0,2,25,1,173,19,0,0,0,0,3,0,392,1395,17128,458,4,51,346,57,2335800,121500,21127.5,0,0,0,0,0,2478427.5
INC-20220103-0199,Fire,Industrial Fire,3,Seattle,WA,43.67239,-71.93836,2022-01-03T23:00,2022-01-05T01:00,26,1821,0,0,9,8,0,,,,0,0,0,8,4,0,2,2,1,1,0,0,0,0,0,0,0,0,3,409,2020,59,56,3,0,0,156468,37570,1157.5,0,0,0,0,1292729.78,1487925.28
INC-20220528-0200,Weather,River Flood,4,Boston,MA,45.8491,-78.85809,2022-05-28T03:00,2022-05-29T02:00,23,4860,6,8,0,0,0,34,8.24,72,0,0,0,0,0,0,0,1,26,2,55,14,4732,44,791976,0,3,0,634,5793,229490,208,2,54,110,42,569296,58995,325484.1,0,160888,0,0,0,1114663.1
INC-20230613-0201,Weather,Tropical Storm,3,Miami,FL,44.83129,-101.68277,2023-06-13T22:00,2023-06-20T07:00,153,3771,10,0,0,0,0,85,9.16,78,0,0,0,10,0,0,5,2,12,2,47,15,10743,492,808767,519,6,0,324,2445,92575,219,54,26,94,45,3417714,377145,375775.95,0,322290,0,0,237222.08,4730147.03
INC-20231119-0202,Weather,Tornado,3,Sacramento,CA,27.59662,-105.30304,2023-11-19T23:00,2023-11-21T22:00,47,2979,0,0,0,0,0,93,4.21,89,0,0,0,0,0,0,0,2,24,2,46,11,1170,12,0,111,1,0,314,1263,28310,179,4,50,92,33,858126,103870,21502.5,0,35100,0,0,0,1018598.5
INC-20220326-0203,Public Health,Hospital Surge,3,Denver,CO,41.95586,-122.7393,2022-03-26T16:00,2022-03-29T02:00,58,5031,2,0,0,0,0,,,,0,0,0,0,0,0,0,2,25,2,19,0,1771,24,0,0,0,0,55773,45600,23371,94,4,52,38,0,556104,133110,2626665,0,53130,0,0,0,3369009
INC-20230605-0204,Public Health,Mass Casualty,5,Minneapolis,MN,46.52579,-71.31766,2023-06-05T23:00,2023-06-10T15:00,112,3250,10,0,0,0,0,,,,0,0,0,0,0,0,0,1,68,2,16,0,0,37,0,0,0,0,61250,76405,49022,172,2,138,32,0,2619904,811440,2951702.5,0,0,12,188160,0,6571206.5
INC-20220831-0205,Public Health,Heat Illness Surge,2,Austin,TX,46.65569,-84.43817,2022-08-31T05:00,2022-09-02T10:00,53,508,3,0,0,0,0,,,,0,0,0,0,0,0,0,2,16,1,15,0,571,8,0,0,0,0,17716,73954,17846,67,4,33,30,0,301835,71550,983065,0,14846,0,0,0,1371296
INC-20230328-0206,Public Health,Mass Casualty,5,Nashville,TN,46.09363,-122.32324,2023-03-28T07:00,2023-04-05T02:00,187,9555,9,0,0,0,0,,,,0,0,0,0,0,0,0,3,82,2,11,0,0,22,0,0,0,0,91135,190150,25476,194,6,166,22,0,4933808,1668975,4579090,0,0,4,104720,0,11286593
INC-20241209-0207,Civil,Large Public Event,2,Miami,FL,37.2193,-102.51377,2024-12-09T12:00,2024-12-11T19:00,55,1450,4,0,0,0,0,,,,0,0,0,0,0,0,0,1,27,1,84,10,0,0,0,0,2,0,243,651,19533,255,2,55,168,30,1192125,115500,12562.5,0,0,0,0,0,1320187.5
INC-20220606-0208,Civil,Large Public Event,2,Boston,MA,30.40783,-89.49659,2022-06-06T15:00,2022-06-09T02:00,59,3782,0,0,0,0,0,,,,0,0,0,0,0,0,0,2,9,1,127,12,0,0,0,0,2,0,309,1532,3079,313,4,19,254,36,1569695,48675,17735,0,0,0,0,0,1636105
INC-20231204-0209,Civil,Search and Rescue,3,Las Vegas,NV,25.98666,-75.54365,2023-12-04T04:00,2023-12-06T20:00,64,1212,0,0,0,0,0,,,,0,0,0,0,0,0,0,2,10,1,171,3,0,0,0,0,1,0,570,1633,19892,376,4,21,342,9,2454528,65280,29732.5,0,0,0,0,0,2549540.5
INC-20240704-0210,Fire,Industrial Fire,3,Phoenix,AZ,34.54471,-118.83599,2024-07-04T05:00,2024-07-06T04:00,47,3333,8,0,12,12,0,,,,0,0,1,16,2,0,1,2,1,1,5,0,0,0,0,0,0,0,22,435,3229,91,78,3,10,0,436254,87890,2077.5,0,0,0,0,0,526221.5
INC-20240225-0211,Public Health,Mass Casualty,4,Miami,FL,30.81958,-103.35222,2024-02-25T00:00,2024-03-05T23:00,239,5200,5,0,0,0,0,,,,0,0,0,0,0,0,0,1,58,2,2,0,0,37,0,0,0,0,9088,190816,28882,124,2,118,4,0,3526684,1339595,890440,0,0,15,448125,0,6204844
INC-20241210-0212,Fire,High-Rise Fire,3,Atlanta,GA,26.94637,-82.79255,2024-12-10T08:00,2024-12-12T02:00,42,2718,7,0,7,6,0,,,,0,0,0,17,3,0,1,1,4,1,1,0,0,0,0,0,0,0,40,400,3417,95,84,9,2,0,406980,92820,2800,0,0,0,0,0,502600
INC-20240126-0213,Public Health,Mass Casualty,4,Denver,CO,25.9399,-93.28684,2024-01-26T17:00,2024-01-28T06:00,37,3268,0,0,0,0,0,,,,0,0,1,0,0,0,0,3,71,2,13,0,0,9,0,0,0,0,67980,110172,16248,176,6,144,26,0,774928,260110,3335610,0,0,0,0,0,4370648
INC-20220905-0214,Weather,Tropical Storm,2,Denver,CO,45.97832,-70.30994,2022-09-05T14:00,2022-09-14T14:00,216,1908,2,0,0,0,0,132,11.89,77,0,0,0,4,0,0,5,3,9,1,18,16,3634,390,512856,378,6,0,182,2521,220028,135,32,19,36,48,2478600,340200,250242.1,0,94484,0,0,737495.24,3901021.34
INC-20240421-0215,Infrastructure,Bridge Collapse,3,Boston,MA,38.14382,-93.67742,2024-04-21T12:00,2024-04-25T06:00,90,2268,6,0,0,0,0,,,,0,0,0,0,0,0,0,2,0,0,21,46,0,0,0,50,0,0,189,1558,12258,184,4,0,42,138,1689120,15300,13650,0,0,0,0,0,1718070
INC-20230506-0216,Infrastructure,Bridge Collapse,3,Portland,OR,41.49189,-76.65522,2023-05-06T19:00,2023-05-10T11:00,88,2871,1,0,0,0,0,,,,0,0,0,0,0,0,0,2,2,1,17,54,0,0,0,5,0,0,35,1858,14095,205,4,5,34,162,1840080,29920,6345,0,0,0,0,0,1876345
INC-20221226-0217,Civil,Evacuation Support,1,Las Vegas,NV,45.07237,-78.19749,2022-12-26T09:00,2022-12-26T20:00,11,1303,3,0,0,0,0,,,,0,0,0,0,0,0,0,1,22,1,168,12,108,0,0,0,4,0,57,1906,18904,419,2,45,336,36,313412,16445,7330,0,2376,0,0,0,339563
INC-20240611-0218,Civil,Mass Transit Disruption,2,Denver,CO,33.83121,-75.91665,2024-06-11T19:00,2024-06-13T19:00,48,2434,3,0,0,0,0,,,,0,0,0,0,0,0,0,2,22,1,158,2,0,0,0,0,3,0,30,1078,9767,371,4,45,316,6,1513680,86400,4045,0,0,0,0,0,1604125
INC-20241030-0219,Civil,Evacuation Support,2,Charlotte,NC,28.5825,-93.63353,2024-10-30T20:00,2024-11-02T07:00,59,2336,1,0,0,0,0,,,,0,0,0,0,0,0,0,1,29,1,218,15,20,0,0,0,2,0,799,498,18249,542,2,59,436,45,2718130,132750,37200,0,520,0,0,0,2888600
INC-20230520-0220,Fire,High-Rise Fire,3,Austin,TX,40.04318,-96.27525,2023-05-20T09:00,2023-05-20T15:00,6,4890,3,0,8,0,0,,,,0,0,1,17,4,0,2,1,3,1,0,0,0,0,0,0,0,0,27,496,1667,97,90,7,0,0,59364,13770,2455,0,0,0,0,0,75589
INC-20231207-0221,Civil,Large Public Event,2,Sacramento,CA,46.88517,-112.35199,2023-12-07T10:00,2023-12-09T12:00,50,1682,6,0,0,0,0,,,,0,0,0,0,0,0,0,2,21,1,118,15,0,0,0,0,4,0,162,1077,16414,328,4,43,236,45,1394000,86250,9982.5,0,0,0,0,0,1490232.5
INC-20231204-0222,Weather,Tropical Storm,3,Miami,FL,28.38041,-115.92402,2023-12-04T12:00,2023-12-07T18:00,78,3726,5,0,0,0,0,79,9.46,78,0,0,0,2,0,0,1,3,23,2,26,26,12372,189,256617,1053,7,0,697,1847,31910,194,16,48,52,78,1543464,192270,174803.45,0,371160,0,0,455209.28,2736906.73
INC-20220318-0223,Fire,Vehicle Fire,3,Atlanta,GA,45.75505,-96.34308,2022-03-18T08:00,2022-03-18T13:00,5,2520,2,0,0,0,0,,,,0,0,1,1,1,0,0,1,2,1,0,0,0,0,0,0,0,0,20,510,1436,15,10,5,0,0,7650,2125,2175,0,0,0,0,0,11950
INC-20241113-0224,Weather,Extreme Cold,3,Nashville,TN,39.8421,-110.08362,2024-11-13T21:00,2024-11-21T12:00,183,4479,3,0,0,0,0,43,0.69,9,0,0,0,0,0,0,0,3,20,2,23,18,2367,24,0,0,0,0,317,935,70061,148,6,42,46,54,2762568,357765,19482.5,0,71010,0,0,0,3210825.5
INC-20240406-0225,Infrastructure,Water Main Break,1,Portland,OR,35.70706,-90.99622,2024-04-06T17:00,2024-04-07T17:00,24,89,4,0,0,0,0,,,,0,0,0,0,0,0,0,1,10,1,35,14,0,0,9887,34,0,0,198,1936,1739,135,2,21,70,42,220320,17160,18060.45,0,0,0,0,0,255540.45
INC-20230729-0226,Infrastructure,Cyber Outage,2,Portland,OR,40.69696,-101.12188,2023-07-29T08:00,2023-07-29T15:00,7,3862,1,0,0,0,0,,,,0,0,0,0,0,0,0,2,5,1,32,64,0,0,0,6,0,0,65,374,14792,271,4,11,64,192,161245,3675,4010,0,0,0,0,0,168930
INC-20230122-0227,Weather,Tropical Storm,4,Boston,MA,29.25297,-85.85139,2023-01-22T18:00,2023-01-26T11:00,89,6504,11,0,0,0,0,98,13.78,90,1,73164,0,11,0,0,2,2,13,2,50,25,5868,476,535904,612,7,0,836,3257,183200,255,52,28,100,75,2700705,236740,305748.9,0,199512,0,0,1043467.26,4486173.16
INC-20221213-0228,Civil,Mass Transit Disruption,2,Sacramento,CA,42.41938,-102.80193,2022-12-13T11:00,2022-12-15T09:00,46,584,6,0,0,0,0,,,,0,0,0,0,0,0,0,1,28,1,144,5,0,0,0,0,0,0,430,1091,12969,362,2,57,288,15,1415420,100050,22077.5,0,0,0,0,0,1537547.5
INC-20220808-0229,Civil,Large Public Event,3,Minneapolis,MN,43.09831,-79.63258,2022-08-08T11:00,2022-08-08T13:00,2,2925,2,0,0,0,0,,,,0,0,0,0,0,0,0,2,10,1,62,8,0,0,0,0,1,0,643,213,1797,173,4,21,124,24,35292,2040,29467.5,0,0,0,0,0,66799.5
INC-20240418-0230,Infrastructure,Damaged Gas Line,3,San Diego,CA,46.67942,-121.36826,2024-04-18T06:00,2024-04-22T03:00,93,4782,7,0,0,0,0,,,,0,0,0,0,0,0,0,2,10,1,23,19,0,0,0,12,0,0,153,1705,6251,128,4,21,46,57,1214208,94860,11447.5,0,0,0,0,0,1320515.5
INC-20240419-0231,Civil,Evacuation Support,2,Atlanta,GA,33.09415,-88.80146,2024-04-19T22:00,2024-04-20T04:00,6,664,0,0,0,0,0,,,,0,0,0,0,0,0,0,1,18,1,100,11,207,0,0,0,3,0,225,1250,17645,272,2,37,200,33,138720,8550,13250,0,5382,0,0,0,165902
INC-20240121-0232,Fire,Wildland Fire,4,Phoenix,AZ,46.67397,-109.43032,2024-01-21T09:00,2024-01-23T13:00,52,5004,11,0,1,0,388.8,,,,0,0,0,2,0,15,3,2,3,1,4,0,0,0,0,36,2,11.2,40,512,3327,78,63,7,8,0,482664,123500,3980,38080,0,0,0,0,648224
INC-20241117-0233,Civil,Mass Transit Disruption,2,Chicago,IL,46.62787,-99.49276,2024-11-17T06:00,2024-11-19T03:00,45,1906,5,0,0,0,0,,,,0,0,0,0,0,0,0,1,9,1,153,8,0,0,0,0,0,0,245,1347,9384,351,2,19,306,24,1342575,33750,14392.5,0,0,0,0,0,1390717.5
INC-20230428-0234,Public Health,Heat Illness Surge,2,Minneapolis,MN,43.72398,-110.96996,2023-04-28T02:00,2023-05-05T19:00,185,400,0,0,0,0,0,,,,0,0,0,0,0,0,0,2,18,1,19,0,1907,20,0,0,0,0,31630,24394,43669,79,4,37,38,0,1242275,277500,1486735,0,49582,0,0,0,3056092
INC-20220907-0235,Civil,Search and Rescue,2,Austin,TX,41.58503,-111.70006,2022-09-07T13:00,2022-09-10T06:00,65,1010,6,0,0,0,0,,,,0,0,0,0,0,0,0,2,13,1,82,6,0,0,0,0,1,0,384,1316,7561,213,4,27,164,18,1176825,73125,20570,0,0,0,0,0,1270520
INC-20220418-0236,Fire,Wildland Fire,5,Minneapolis,MN,25.14903,-77.78863,2022-04-18T03:00,2022-04-21T17:00,86,9855,13,0,126,17,735.5,,,,1,29635,1,6,0,12,8,3,1,1,6,0,0,0,0,18,1,19.1,30,544,5607,97,82,3,12,0,1134512,270900,3160,72580,0,7,84280,0,1565432
INC-20220117-0237,Public Health,Mass Casualty,4,Boston,MA,38.07268,-106.76373,2022-01-17T03:00,2022-01-21T10:00,103,5056,9,0,0,0,0,,,,0,0,0,0,0,0,0,1,59,2,10,0,0,39,0,0,0,0,62580,72620,34785,142,2,120,20,0,1740494,587100,3002330,0,0,4,51500,0,5381424
INC-20230701-0238,Public Health,Disease Outbreak,3,Chicago,IL,29.04751,-117.35292,2023-07-01T22:00,2023-07-06T23:00,121,3567,3,0,0,0,0,,,,0,0,0,0,0,0,0,3,36,2,9,0,0,12,0,0,0,0,38040,86475,23658,98,6,74,18,0,1209516,401115,1929427.5,0,0,0,0,0,3540058.5
INC-20220114-0239,Weather,Ice Storm,3,San Diego,CA,36.24095,-70.24188,2022-01-14T07:00,2022-01-17T00:00,65,5247,0,0,0,0,0,50,2.16,15,0,0,1,0,0,0,0,2,25,2,38,19,5574,246,390,0,0,0,817,1610,122438,189,4,52,76,57,1253070,149175,70446.5,0,167220,0,0,719097.76,2359009.26
INC-20221221-0240,Infrastructure,Bridge Collapse,3,Seattle,WA,37.60788,-73.71447,2022-12-21T16:00,2022-12-23T16:00,48,1611,11,0,0,0,0,,,,0,0,0,0,0,0,0,2,1,1,37,20,0,0,0,12,0,0,166,1279,21802,141,4,3,74,60,690336,12240,10967.5,0,0,0,0,0,713543.5
INC-20241201-0241,Civil,Evacuation Support,2,Portland,OR,32.31453,-96.68077,2024-12-01T09:00,2024-12-03T08:00,47,3192,3,0,0,0,0,,,,0,0,0,0,0,0,0,2,15,1,187,14,444,0,0,0,1,0,675,393,12965,451,4,31,374,42,1801745,59925,31357.5,0,11544,0,0,0,1904571.5
INC-20220408-0242,Civil,Mass Transit Disruption,1,Chicago,IL,32.73157,-107.41523,2022-04-08T09:00,2022-04-09T07:00,22,1347,0,0,0,0,0,,,,0,0,0,0,0,0,0,2,12,1,201,19,0,0,0,0,3,0,475,1867,13060,488,4,25,402,57,730048,20020,26042.5,0,0,0,0,0,776110.5
INC-20230720-0243,Civil,Mass Transit Disruption,2,San Diego,CA,44.21977,-117.68532,2023-07-20T05:00,2023-07-21T06:00,25,980,0,0,0,0,0,,,,0,0,0,0,0,0,0,1,11,1,83,12,0,0,0,0,0,0,504,180,19221,227,2,23,166,36,482375,22500,23130,0,0,0,0,0,528005
INC-20231217-0244,Fire,Brush Fire,2,Phoenix,AZ,30.90518,-116.03755,2023-12-17T09:00,2023-12-18T06:00,21,2702,0,0,0,0,402.6,,,,0,0,0,3,0,7,3,2,3,1,5,0,0,0,0,5,0,6.8,21,489,1916,60,43,7,10,0,107100,28350,2292.5,17680,0,0,0,0,155422.5
INC-20240119-0245,Civil,Search and Rescue,3,Boston,MA,46.8147,-86.47955,2024-01-19T22:00,2024-01-20T17:00,19,1116,3,0,0,0,0,,,,0,0,0,0,0,0,0,2,28,1,174,20,0,0,0,0,4,0,375,1911,16852,469,4,57,348,60,908922,48450,21652.5,0,0,0,0,0,979024.5
INC-20230827-0246,Weather,Tropical Storm,3,Atlanta,GA,34.27459,-116.01339,2023-08-27T06:00,2023-09-01T03:00,117,93,4,0,0,0,0,50,11.42,92,0,0,0,6,0,0,0,1,23,2,41,20,13749,36,776739,1218,8,0,409,4326,229168,216,26,48,82,60,2577744,298350,335848.65,0,412470,0,0,0,3624412.65
INC-20230717-0247,Public Health,Hospital Surge,4,Atlanta,GA,30.62266,-85.53588,2023-07-17T03:00,2023-07-21T14:00,107,5328,5,0,0,0,0,,,,0,0,0,0,0,0,0,2,64,2,9,0,1058,18,0,0,0,0,36432,162748,55197,152,4,130,18,0,1935416,670890,2048470,0,35972,0,0,0,4690748
INC-20220907-0248,Weather,Tropical Storm,3,Chicago,IL,27.48302,-99.68381,2022-09-07T01:00,2022-09-11T03:00,98,2811,7,0,0,0,0,84,14.61,83,0,0,1,6,0,0,2,1,12,2,39,11,1818,438,37806,345,2,0,854,4391,57378,167,30,26,78,33,1669332,174930,123824.6,0,54540,0,0,1168086.64,3190713.24
INC-20230523-0249,Public Health,Heat Illness Surge,4,Chicago,IL,42.80706,-106.50145,2023-05-23T01:00,2023-05-30T17:00,184,6948,8,0,0,0,0,,,,0,0,1,0,0,0,0,1,27,2,10,0,1588,34,0,0,0,0,10156,104868,51211,78,2,56,20,0,1707888,489440,723270,0,53992,0,0,0,2974590
INC-20220616-0250,Infrastructure,Power Outage,2,Denver,CO,42.35257,-100.35863,2022-06-16T12:00,2022-06-18T15:00,51,3040,5,0,0,0,0,,,,0,0,0,0,0,0,0,1,7,1,21,47,0,99,0,20,0,0,186,1388,8247,200,2,15,42,141,867000,30600,24220,0,0,0,0,0,921820
